experiment,dataset,config,sequence,ate_rmse_m
dvlt-fr1-ungated,TUM fr1,"loops on, NOT verified (lc_verify=bypass)",rgbd_dataset_freiburg1_360,0.088896
dvlt-fr1-ungated,TUM fr1,"loops on, NOT verified (lc_verify=bypass)",rgbd_dataset_freiburg1_desk,0.021454
dvlt-fr1-ungated,TUM fr1,"loops on, NOT verified (lc_verify=bypass)",rgbd_dataset_freiburg1_desk2,0.027775
dvlt-fr1-ungated,TUM fr1,"loops on, NOT verified (lc_verify=bypass)",rgbd_dataset_freiburg1_floor,0.246780
dvlt-fr1-ungated,TUM fr1,"loops on, NOT verified (lc_verify=bypass)",rgbd_dataset_freiburg1_plant,0.391511
dvlt-fr1-ungated,TUM fr1,"loops on, NOT verified (lc_verify=bypass)",rgbd_dataset_freiburg1_room,0.387820
dvlt-fr1-ungated,TUM fr1,"loops on, NOT verified (lc_verify=bypass)",rgbd_dataset_freiburg1_rpy,0.025431
dvlt-fr1-ungated,TUM fr1,"loops on, NOT verified (lc_verify=bypass)",rgbd_dataset_freiburg1_teddy,0.037889
dvlt-fr1-ungated,TUM fr1,"loops on, NOT verified (lc_verify=bypass)",rgbd_dataset_freiburg1_xyz,0.009270
dvlt-fr1-noloops,TUM fr1,loop closure disabled (--max_loops 0),rgbd_dataset_freiburg1_360,0.088896
dvlt-fr1-noloops,TUM fr1,loop closure disabled (--max_loops 0),rgbd_dataset_freiburg1_desk,0.025244
dvlt-fr1-noloops,TUM fr1,loop closure disabled (--max_loops 0),rgbd_dataset_freiburg1_desk2,0.062306
dvlt-fr1-noloops,TUM fr1,loop closure disabled (--max_loops 0),rgbd_dataset_freiburg1_floor,0.038776
dvlt-fr1-noloops,TUM fr1,loop closure disabled (--max_loops 0),rgbd_dataset_freiburg1_plant,0.025399
dvlt-fr1-noloops,TUM fr1,loop closure disabled (--max_loops 0),rgbd_dataset_freiburg1_room,0.136050
dvlt-fr1-noloops,TUM fr1,loop closure disabled (--max_loops 0),rgbd_dataset_freiburg1_rpy,0.027214
dvlt-fr1-noloops,TUM fr1,loop closure disabled (--max_loops 0),rgbd_dataset_freiburg1_teddy,0.063763
dvlt-fr1-noloops,TUM fr1,loop closure disabled (--max_loops 0),rgbd_dataset_freiburg1_xyz,0.009751
dvlt-fr1-attn,TUM fr1,"loops on, attention-gated at 0.95",rgbd_dataset_freiburg1_360,0.085450
dvlt-fr1-attn,TUM fr1,"loops on, attention-gated at 0.95",rgbd_dataset_freiburg1_desk,0.021454
dvlt-fr1-attn,TUM fr1,"loops on, attention-gated at 0.95",rgbd_dataset_freiburg1_desk2,0.027775
dvlt-fr1-attn,TUM fr1,"loops on, attention-gated at 0.95",rgbd_dataset_freiburg1_floor,0.026216
dvlt-fr1-attn,TUM fr1,"loops on, attention-gated at 0.95",rgbd_dataset_freiburg1_plant,0.018140
dvlt-fr1-attn,TUM fr1,"loops on, attention-gated at 0.95",rgbd_dataset_freiburg1_room,0.060922
dvlt-fr1-attn,TUM fr1,"loops on, attention-gated at 0.95",rgbd_dataset_freiburg1_rpy,0.025431
dvlt-fr1-attn,TUM fr1,"loops on, attention-gated at 0.95",rgbd_dataset_freiburg1_teddy,0.033066
dvlt-fr1-attn,TUM fr1,"loops on, attention-gated at 0.95",rgbd_dataset_freiburg1_xyz,0.009270
dvlt-tum21-attn,TUM fr1+fr2+fr3,"loops on, attention-gated at 0.95",rgbd_dataset_freiburg1_360,0.085450
dvlt-tum21-attn,TUM fr1+fr2+fr3,"loops on, attention-gated at 0.95",rgbd_dataset_freiburg1_desk,0.021454
dvlt-tum21-attn,TUM fr1+fr2+fr3,"loops on, attention-gated at 0.95",rgbd_dataset_freiburg1_desk2,0.027775
dvlt-tum21-attn,TUM fr1+fr2+fr3,"loops on, attention-gated at 0.95",rgbd_dataset_freiburg1_floor,0.026216
dvlt-tum21-attn,TUM fr1+fr2+fr3,"loops on, attention-gated at 0.95",rgbd_dataset_freiburg1_plant,0.018140
dvlt-tum21-attn,TUM fr1+fr2+fr3,"loops on, attention-gated at 0.95",rgbd_dataset_freiburg1_room,0.060922
dvlt-tum21-attn,TUM fr1+fr2+fr3,"loops on, attention-gated at 0.95",rgbd_dataset_freiburg1_rpy,0.025431
dvlt-tum21-attn,TUM fr1+fr2+fr3,"loops on, attention-gated at 0.95",rgbd_dataset_freiburg1_teddy,0.033066
dvlt-tum21-attn,TUM fr1+fr2+fr3,"loops on, attention-gated at 0.95",rgbd_dataset_freiburg1_xyz,0.009270
dvlt-tum21-attn,TUM fr1+fr2+fr3,"loops on, attention-gated at 0.95",rgbd_dataset_freiburg2_360_hemisphere,0.153925
dvlt-tum21-attn,TUM fr1+fr2+fr3,"loops on, attention-gated at 0.95",rgbd_dataset_freiburg2_desk,0.017931
dvlt-tum21-attn,TUM fr1+fr2+fr3,"loops on, attention-gated at 0.95",rgbd_dataset_freiburg2_large_no_loop,0.513514
dvlt-tum21-attn,TUM fr1+fr2+fr3,"loops on, attention-gated at 0.95",rgbd_dataset_freiburg2_xyz,0.005803
dvlt-tum21-attn,TUM fr1+fr2+fr3,"loops on, attention-gated at 0.95",rgbd_dataset_freiburg3_cabinet,0.016784
dvlt-tum21-attn,TUM fr1+fr2+fr3,"loops on, attention-gated at 0.95",rgbd_dataset_freiburg3_long_office_household,0.024998
dvlt-tum21-attn,TUM fr1+fr2+fr3,"loops on, attention-gated at 0.95",rgbd_dataset_freiburg3_nostructure_texture_far,
dvlt-tum21-attn,TUM fr1+fr2+fr3,"loops on, attention-gated at 0.95",rgbd_dataset_freiburg3_nostructure_texture_near_withloop,0.209265
dvlt-tum21-attn,TUM fr1+fr2+fr3,"loops on, attention-gated at 0.95",rgbd_dataset_freiburg3_structure_notexture_far,0.037310
dvlt-tum21-attn,TUM fr1+fr2+fr3,"loops on, attention-gated at 0.95",rgbd_dataset_freiburg3_structure_notexture_near,0.046999
dvlt-tum21-attn,TUM fr1+fr2+fr3,"loops on, attention-gated at 0.95",rgbd_dataset_freiburg3_structure_texture_far,0.015289
dvlt-tum21-attn,TUM fr1+fr2+fr3,"loops on, attention-gated at 0.95",rgbd_dataset_freiburg3_structure_texture_near,0.025106
dvlt-7scenes-attn,7-Scenes,"loops on, attention-gated at 0.95",chess,0.035951
dvlt-7scenes-attn,7-Scenes,"loops on, attention-gated at 0.95",fire,0.031542
dvlt-7scenes-attn,7-Scenes,"loops on, attention-gated at 0.95",heads,0.023604
dvlt-7scenes-attn,7-Scenes,"loops on, attention-gated at 0.95",office,0.075471
dvlt-7scenes-attn,7-Scenes,"loops on, attention-gated at 0.95",pumpkin,0.128807
dvlt-7scenes-attn,7-Scenes,"loops on, attention-gated at 0.95",redkitchen,0.055348
dvlt-7scenes-attn,7-Scenes,"loops on, attention-gated at 0.95",stairs,0.086277
vggt-fr1-w16,TUM fr1,"stock VGGT-SLAM 2.0 (external, different hardware)",rgbd_dataset_freiburg1_360,0.060363
vggt-fr1-w16,TUM fr1,"stock VGGT-SLAM 2.0 (external, different hardware)",rgbd_dataset_freiburg1_desk,0.025088
vggt-fr1-w16,TUM fr1,"stock VGGT-SLAM 2.0 (external, different hardware)",rgbd_dataset_freiburg1_desk2,0.025791
vggt-fr1-w16,TUM fr1,"stock VGGT-SLAM 2.0 (external, different hardware)",rgbd_dataset_freiburg1_floor,0.042080
vggt-fr1-w16,TUM fr1,"stock VGGT-SLAM 2.0 (external, different hardware)",rgbd_dataset_freiburg1_plant,0.028030
vggt-fr1-w16,TUM fr1,"stock VGGT-SLAM 2.0 (external, different hardware)",rgbd_dataset_freiburg1_room,0.065971
vggt-fr1-w16,TUM fr1,"stock VGGT-SLAM 2.0 (external, different hardware)",rgbd_dataset_freiburg1_rpy,0.028788
vggt-fr1-w16,TUM fr1,"stock VGGT-SLAM 2.0 (external, different hardware)",rgbd_dataset_freiburg1_teddy,0.037306
vggt-fr1-w16,TUM fr1,"stock VGGT-SLAM 2.0 (external, different hardware)",rgbd_dataset_freiburg1_xyz,0.019619
vggt-fr1-w32,TUM fr1,"stock VGGT-SLAM 2.0 (external, different hardware)",rgbd_dataset_freiburg1_360,0.071000
vggt-fr1-w32,TUM fr1,"stock VGGT-SLAM 2.0 (external, different hardware)",rgbd_dataset_freiburg1_desk,0.025000
vggt-fr1-w32,TUM fr1,"stock VGGT-SLAM 2.0 (external, different hardware)",rgbd_dataset_freiburg1_desk2,0.040000
vggt-fr1-w32,TUM fr1,"stock VGGT-SLAM 2.0 (external, different hardware)",rgbd_dataset_freiburg1_floor,0.141000
vggt-fr1-w32,TUM fr1,"stock VGGT-SLAM 2.0 (external, different hardware)",rgbd_dataset_freiburg1_plant,0.023000
vggt-fr1-w32,TUM fr1,"stock VGGT-SLAM 2.0 (external, different hardware)",rgbd_dataset_freiburg1_room,0.102000
vggt-fr1-w32,TUM fr1,"stock VGGT-SLAM 2.0 (external, different hardware)",rgbd_dataset_freiburg1_rpy,0.030000
vggt-fr1-w32,TUM fr1,"stock VGGT-SLAM 2.0 (external, different hardware)",rgbd_dataset_freiburg1_teddy,0.034000
vggt-fr1-w32,TUM fr1,"stock VGGT-SLAM 2.0 (external, different hardware)",rgbd_dataset_freiburg1_xyz,0.014000
